method,path,handler,auth_required,role_permission_check,object_ownership_check,validation_schema,pagination,idempotency_key,response_envelope,error_codes,rate_limited
"GET","/health","backend/src/app.ts:78","NO","Public","N/A","None","NO","NO","{ status, timestamp }","None","NO"
"GET","/ready","backend/src/app.ts:82","NO","Public","N/A","None","NO","NO","{ status, mongodb, redis, timestamp }","503","NO"
"POST","/api/v1/auth/register","backend/src/routes/auth.routes.ts:21","NO","Public","N/A","RegisterSchema","NO","NO","{ success, data }","400, 409","YES (authRateLimiter)"
"POST","/api/v1/auth/verify-otp","backend/src/routes/auth.routes.ts:22","NO","Public","N/A","VerifyOtpSchema","NO","NO","{ success, data }","400, 429","YES (otpRateLimiter)"
"POST","/api/v1/auth/resend-otp","backend/src/routes/auth.routes.ts:23","NO","Public","N/A","ResendOtpSchema","NO","NO","{ success, message }","400, 429","YES (otpRateLimiter)"
"POST","/api/v1/auth/login","backend/src/routes/auth.routes.ts:24","NO","Public","N/A","LoginSchema","NO","NO","{ success, data }","401, 403","YES (authRateLimiter)"
"POST","/api/v1/auth/refresh","backend/src/routes/auth.routes.ts:25","NO","Public","N/A","None (Cookie)","NO","NO","{ success, data }","401","NO"
"POST","/api/v1/auth/forgot-password","backend/src/routes/auth.routes.ts:28","NO","Public","N/A","ForgotPasswordSchema","NO","NO","{ success, message }","400, 404","YES (authRateLimiter)"
"POST","/api/v1/auth/verify-reset-otp","backend/src/routes/auth.routes.ts:34","NO","Public","N/A","VerifyResetOtpSchema","NO","NO","{ success, resetToken }","400, 429","YES (otpRateLimiter)"
"POST","/api/v1/auth/reset-password","backend/src/routes/auth.routes.ts:40","NO","Public","N/A","ResetPasswordSchema","NO","NO","{ success, message }","400, 401","YES (authRateLimiter)"
"POST","/api/v1/auth/logout","backend/src/routes/auth.routes.ts:47","YES","Authenticated","N/A","None","NO","NO","{ success, message }","401","NO"
"GET","/api/v1/auth/me","backend/src/routes/auth.routes.ts:48","YES","Authenticated","N/A","None","NO","NO","{ success, data }","401","NO"
"POST","/api/v1/auth/change-password","backend/src/routes/auth.routes.ts:50","YES","Authenticated","N/A","ChangePasswordSchema","NO","NO","{ success, message }","400, 401","NO"
"POST","/api/v1/auth/avatar","backend/src/routes/auth.routes.ts:55","YES","Authenticated","N/A","Multipart/form-data","NO","NO","{ success, avatarUrl }","400, 401","NO"
"DELETE","/api/v1/auth/avatar","backend/src/routes/auth.routes.ts:56","YES","Authenticated","N/A","None","NO","NO","{ success, message }","401","NO"
"GET","/api/v1/candidate/profile","backend/src/routes/candidate.routes.ts:13","YES","CANDIDATE","YES (Scoped to req.user.userId)","None","NO","NO","{ success, data }","401, 403, 404","NO"
"PATCH","/api/v1/candidate/profile","backend/src/routes/candidate.routes.ts:14","YES","CANDIDATE","YES (Scoped to req.user.userId)","UpdateProfileSchema","NO","NO","{ success, data }","400, 401, 403","NO"
"POST","/api/v1/candidate/resume","backend/src/routes/candidate.routes.ts:15","YES","CANDIDATE","YES (Scoped to req.user.userId)","Multipart/form-data","NO","NO","{ success, resumeUrl }","400, 401","NO"
"DELETE","/api/v1/candidate/resume","backend/src/routes/candidate.routes.ts:16","YES","CANDIDATE","YES (Scoped to req.user.userId)","None","NO","NO","{ success, message }","401, 403","NO"
"GET","/api/v1/candidate/dashboard","backend/src/routes/candidate.routes.ts:17","YES","CANDIDATE","YES (Scoped to req.user.userId)","None","NO","NO","{ success, data }","401, 403","NO"
"GET","/api/v1/recruiter/profile","backend/src/routes/recruiter.routes.ts:12","YES","RECRUITER, ADMIN","YES (Scoped to req.user.userId)","None","NO","NO","{ success, data }","401, 403","NO"
"PATCH","/api/v1/recruiter/profile","backend/src/routes/recruiter.routes.ts:13","YES","RECRUITER, ADMIN","YES (Scoped to req.user.userId)","UpdateRecruiterProfileSchema","NO","NO","{ success, data }","400, 401, 403","NO"
"GET","/api/v1/jobs","backend/src/routes/job.routes.ts:15","NO","Public","N/A","JobFilterQuerySchema","YES","NO","{ success, data, pagination }","400, 500","NO"
"GET","/api/v1/jobs/saved/all","backend/src/routes/job.routes.ts:19","YES","CANDIDATE","YES (Scoped to req.user.userId)","None","NO","NO","{ success, data }","401, 403","NO"
"GET","/api/v1/jobs/:id","backend/src/routes/job.routes.ts:16","NO","Public","N/A","None","NO","NO","{ success, data }","404","NO"
"POST","/api/v1/jobs/:id/save","backend/src/routes/job.routes.ts:20","YES","CANDIDATE","YES (Scoped to req.user.userId)","None","NO","NO","{ success, message }","401, 404","NO"
"DELETE","/api/v1/jobs/:id/save","backend/src/routes/job.routes.ts:21","YES","CANDIDATE","YES (Scoped to req.user.userId)","None","NO","NO","{ success, message }","401, 404","NO"
"POST","/api/v1/jobs","backend/src/routes/job.routes.ts:24","YES","RECRUITER, ADMIN","YES (recruiterId set from req.user)","CreateJobSchema","NO","NO","{ success, data }","400, 401, 403","NO"
"PATCH","/api/v1/jobs/:id","backend/src/routes/job.routes.ts:31","YES","RECRUITER, ADMIN","YES (Verified job.recruiterId === userId)","UpdateJobSchema","NO","NO","{ success, data }","400, 401, 403, 404","NO"
"POST","/api/v1/jobs/:id/publish","backend/src/routes/job.routes.ts:39","YES","RECRUITER, ADMIN","YES (Verified job.recruiterId === userId)","None","NO","NO","{ success, data }","401, 403, 404","NO"
"POST","/api/v1/jobs/:id/pause","backend/src/routes/job.routes.ts:45","YES","RECRUITER, ADMIN","YES (Verified job.recruiterId === userId)","None","NO","NO","{ success, data }","401, 403, 404","NO"
"POST","/api/v1/jobs/:id/close","backend/src/routes/job.routes.ts:51","YES","RECRUITER, ADMIN","YES (Verified job.recruiterId === userId)","None","NO","NO","{ success, data }","401, 403, 404","NO"
"DELETE","/api/v1/jobs/:id","backend/src/routes/job.routes.ts:56","YES","RECRUITER, ADMIN","YES (Verified job.recruiterId === userId)","None","NO","NO","{ success, message }","401, 403, 404","NO"
"POST","/api/v1/applications/jobs/:jobId/apply","backend/src/routes/application.routes.ts:17","YES","CANDIDATE","YES (candidateId set to req.user.userId)","ApplyJobSchema","NO","NO","{ success, data }","400, 404, 409","NO"
"GET","/api/v1/applications/me","backend/src/routes/application.routes.ts:23","YES","CANDIDATE","YES (Scoped to candidateId: req.user.userId)","None","NO","NO","{ success, data }","401, 403","NO"
"PATCH","/api/v1/applications/:id/withdraw","backend/src/routes/application.routes.ts:24","YES","CANDIDATE","YES (Verifies candidateId === req.user.userId)","None","NO","NO","{ success, data }","401, 403, 404","NO"
"GET","/api/v1/applications/jobs/:jobId/applicants","backend/src/routes/application.routes.ts:31","YES","RECRUITER, ADMIN","YES (Verifies job.recruiterId === userId)","None","YES","NO","{ success, data }","401, 403","NO"
"PATCH","/api/v1/applications/:id/status","backend/src/routes/application.routes.ts:36","YES","RECRUITER, ADMIN","YES (Verifies job.recruiterId === userId)","UpdateApplicationStatusSchema","NO","NO","{ success, data }","400, 401, 403, 404","NO"
"GET","/api/v1/applications/recruiter/applicants","backend/src/routes/application.routes.ts:42","YES","RECRUITER, ADMIN","YES (Scoped to recruiter jobs)","None","YES","NO","{ success, data }","401, 403","NO"
"GET","/api/v1/applications/recruiter/interviews","backend/src/routes/application.routes.ts:47","YES","RECRUITER, ADMIN","YES (Scoped to recruiter interviews)","None","NO","NO","{ success, data }","401, 403","NO"
"POST","/api/v1/applications/interviews","backend/src/routes/application.routes.ts:52","YES","RECRUITER, ADMIN","YES (Verifies application recruiter ownership)","ScheduleInterviewSchema","NO","NO","{ success, data }","400, 401, 403","NO"
"GET","/api/v1/applications/:id","backend/src/routes/application.routes.ts:60","YES","Authenticated","YES (Verifies candidateId OR recruiterId)","None","NO","NO","{ success, data }","401, 403, 404","NO"
"GET","/api/v1/companies/actions/dashboard","backend/src/routes/company.routes.ts:14","YES","RECRUITER","YES (Scoped to recruiterId)","None","NO","NO","{ success, data }","401, 403 (BLOCKED BY SHADOW ROUTE)","NO"
"GET","/api/v1/companies/:id","backend/src/routes/company.routes.ts:9","NO","Public","N/A","None","NO","NO","{ success, data }","404","NO"
"POST","/api/v1/companies","backend/src/routes/company.routes.ts:12","YES","RECRUITER, ADMIN","YES (Sets recruiterId)","None","NO","NO","{ success, data }","400, 401, 403","NO"
"PATCH","/api/v1/companies/:id","backend/src/routes/company.routes.ts:13","YES","RECRUITER, ADMIN","YES (Verifies company.recruiterId === userId)","None","NO","NO","{ success, data }","400, 401, 403","NO"
"GET","/api/v1/notifications","backend/src/routes/notification.routes.ts:9","YES","Authenticated","YES (Scoped to req.user.userId)","None","NO","NO","{ success, data }","401","NO"
"PATCH","/api/v1/notifications/actions/read-all","backend/src/routes/notification.routes.ts:11","YES","Authenticated","YES (Scoped to req.user.userId)","None","NO","NO","{ success, message }","401","NO"
"PATCH","/api/v1/notifications/:id/read","backend/src/routes/notification.routes.ts:10","YES","Authenticated","YES (Verifies recipientId === userId)","None","NO","NO","{ success, data }","401, 404","NO"
"GET","/api/v1/sessions","backend/src/routes/session.routes.ts:9","YES","Authenticated","YES (Scoped to req.user.userId)","None","NO","NO","{ success, data }","401","NO"
"DELETE","/api/v1/sessions/actions/revoke-others","backend/src/routes/session.routes.ts:11","YES","Authenticated","YES (Scoped to req.user.userId)","None","NO","NO","{ success, message }","401 (BLOCKED BY SHADOW ROUTE)","NO"
"DELETE","/api/v1/sessions/:sessionId","backend/src/routes/session.routes.ts:10","YES","Authenticated","YES (Verifies session.userId === userId)","None","NO","NO","{ success, message }","401, 404","NO"
"GET","/api/v1/admin/dashboard","backend/src/routes/admin.routes.ts:12","YES","ADMIN","N/A (Platform Admin)","None","NO","NO","{ success, data }","401, 403","NO"
"GET","/api/v1/admin/users","backend/src/routes/admin.routes.ts:13","YES","ADMIN","N/A (Platform Admin)","None","YES","NO","{ success, data, pagination }","401, 403","NO"
"PATCH","/api/v1/admin/users/:id/status","backend/src/routes/admin.routes.ts:14","YES","ADMIN","N/A (Platform Admin)","None","NO","NO","{ success, data }","400, 401, 403, 404","NO"
"GET","/api/v1/admin/jobs","backend/src/routes/admin.routes.ts:15","YES","ADMIN","N/A (Platform Admin)","None","YES","NO","{ success, data, pagination }","401, 403","NO"
"PATCH","/api/v1/admin/jobs/:id/moderate","backend/src/routes/admin.routes.ts:16","YES","ADMIN","N/A (Platform Admin)","None","NO","NO","{ success, data }","400, 401, 403, 404","NO"
"GET","/api/v1/admin/applications","backend/src/routes/admin.routes.ts:17","YES","ADMIN","N/A (Platform Admin)","None","YES","NO","{ success, data, pagination }","401, 403","NO"
"GET","/api/v1/admin/audit-logs","backend/src/routes/admin.routes.ts:18","YES","ADMIN","N/A (Platform Admin)","None","YES","NO","{ success, data, pagination }","401, 403","NO"
"GET","/api/v1/admin/profile","backend/src/routes/admin.routes.ts:19","YES","ADMIN","N/A (Platform Admin)","None","NO","NO","{ success, data }","401, 403","NO"
"PATCH","/api/v1/admin/profile","backend/src/routes/admin.routes.ts:20","YES","ADMIN","N/A (Platform Admin)","None","NO","NO","{ success, data }","400, 401, 403","NO"
"POST","/api/v1/ai/job-summary","backend/src/routes/ai.routes.ts:13","NO","Public","N/A","None","NO","NO","{ success, data }","400, 500","YES (aiRateLimiter)"
"POST","/api/v1/ai/match-score","backend/src/routes/ai.routes.ts:15","YES","CANDIDATE","YES (Candidate profile matched to jobId)","None","NO","NO","{ success, data }","400, 401, 403","YES (aiRateLimiter)"
"POST","/api/v1/ai/generate-jd","backend/src/routes/ai.routes.ts:22","YES","RECRUITER, ADMIN","N/A","None","NO","NO","{ success, data }","400, 401, 403","YES (aiRateLimiter)"
"POST","/api/v1/ai/chat","backend/src/routes/ai.routes.ts:29","YES","Authenticated","YES (Context grounded in user role)","None","NO","NO","{ success, data }","400, 401, 500","YES (aiRateLimiter)"
