key,file_line,type,masked_value,committed_to_git,in_env_example,used_in_code,environment_specific
"NODE_ENV",".env:2","Network/Environment","de... (len: 11)","NO (.env uncommitted; key present in .env.example / code)","YES","YES","YES"
"PORT",".env:3","Network/Environment","50... (len: 4)","NO (.env uncommitted; key present in .env.example / code)","YES","YES","YES"
"FRONTEND_URL",".env:6","Network/Environment","ht... (len: 21)","NO (.env uncommitted; key present in .env.example / code)","YES","YES","YES"
"COOKIE_DOMAIN",".env:7","API Key","lo... (len: 9)","NO (.env uncommitted; key present in .env.example / code)","YES","YES","YES"
"MONGO_URI",".env:10","Database","mo... (len: 94)","NO (.env uncommitted; key present in .env.example / code)","YES","YES","YES"
"REDIS_URL",".env:11","Database","re... (len: 22)","NO (.env uncommitted; key present in .env.example / code)","YES","YES","YES"
"JWT_ACCESS_SECRET",".env:14","JWT/Auth Secret","jo... (len: 52)","NO (.env uncommitted; key present in .env.example / code)","YES","YES","YES"
"JWT_REFRESH_SECRET",".env:15","JWT/Auth Secret","jo... (len: 53)","NO (.env uncommitted; key present in .env.example / code)","YES","YES","YES"
"JWT_ACCESS_EXPIRY",".env:16","JWT/Auth Secret","15... (len: 3)","NO (.env uncommitted; key present in .env.example / code)","YES","YES","YES"
"JWT_REFRESH_EXPIRY",".env:17","JWT/Auth Secret","7d...","NO (.env uncommitted; key present in .env.example / code)","YES","YES","YES"
"CSRF_SECRET",".env:20","JWT/Auth Secret","jo... (len: 45)","NO (.env uncommitted; key present in .env.example / code)","YES","YES","YES"
"AI_PROVIDER",".env:23","API Key","de... (len: 13)","NO (.env uncommitted; key present in .env.example / code)","YES","YES","YES"
"AI_API_KEY",".env:24","API Key","EMPTY","NO (.env uncommitted; key present in .env.example / code)","YES","YES","YES"
"AI_MODEL_NAME",".env:25","API Key","ge... (len: 16)","NO (.env uncommitted; key present in .env.example / code)","YES","YES","YES"
"SMTP_HOST",".env:28","SMTP/Email","sm... (len: 14)","NO (.env uncommitted; key present in .env.example / code)","YES","YES","YES"
"SMTP_PORT",".env:29","SMTP/Email","46... (len: 3)","NO (.env uncommitted; key present in .env.example / code)","YES","YES","YES"
"SMTP_SECURE",".env:30","SMTP/Email","tr... (len: 4)","NO (.env uncommitted; key present in .env.example / code)","YES","YES","YES"
"SMTP_USER",".env:31","SMTP/Email","ad... (len: 26)","NO (.env uncommitted; key present in .env.example / code)","YES","YES","YES"
"SMTP_PASSWORD",".env:32","SMTP/Email","ae... (len: 16)","NO (.env uncommitted; key present in .env.example / code)","YES","YES","YES"
"FROM_EMAIL",".env:33","API Key",""J... (len: 50)","NO (.env uncommitted; key present in .env.example / code)","YES","YES","YES"
"STORAGE_PROVIDER",".env:36","Storage","lo... (len: 5)","NO (.env uncommitted; key present in .env.example / code)","YES","YES","YES"
"STORAGE_DIR",".env:37","Storage","./... (len: 9)","NO (.env uncommitted; key present in .env.example / code)","YES","YES","YES"
