fe_call,fe_file_line,http_method,url,matched_be_endpoint,wiring_status,notes
"const res = await api.get('/notifications');","frontend/src/components/admin/layout/AdminHeader.tsx:75","GET","/notifications","GET /api/v1/notifications","WIRED","Matches backend/src/routes/notification.routes.ts:9"
"await api.patch('/notifications/actions/read-all');","frontend/src/components/admin/layout/AdminHeader.tsx:94","PATCH","/notifications/actions/read-all","PATCH /api/v1/notifications/actions/read-all","WIRED","Matches backend/src/routes/notification.routes.ts:11"
"await api.patch(`/notifications/${id}/read`);","frontend/src/components/admin/layout/AdminHeader.tsx:103","PATCH","/notifications/${id}/read","PATCH /api/v1/notifications/:id/read","WIRED","Matches backend/src/routes/notification.routes.ts:10"
"const res = await api.get('/admin/applications', { params: { limit: 1 } });","frontend/src/components/admin/layout/AdminLayout.tsx:18","GET","/admin/applications","GET /api/v1/admin/applications","WIRED","Matches backend/src/routes/admin.routes.ts:17"
"const res = await api.post('/auth/avatar', formData);","frontend/src/components/common/ProfileAvatarUpload.tsx:55","POST","/auth/avatar","POST /api/v1/auth/avatar","WIRED","Matches backend/src/routes/auth.routes.ts:55"
"await api.delete('/auth/avatar');","frontend/src/components/common/ProfileAvatarUpload.tsx:84","DELETE","/auth/avatar","DELETE /api/v1/auth/avatar","WIRED","Matches backend/src/routes/auth.routes.ts:56"
"const res = await api.get('/jobs/saved/all');","frontend/src/components/layout/Navbar.tsx:76","GET","/jobs/saved/all","GET /api/v1/jobs/saved/all","WIRED","Matches backend/src/routes/job.routes.ts:19"
"const res = await api.get('/notifications');","frontend/src/components/layout/Navbar.tsx:87","GET","/notifications","GET /api/v1/notifications","WIRED","Matches backend/src/routes/notification.routes.ts:9"
"await api.patch(`/notifications/${id}/read`);","frontend/src/components/layout/Navbar.tsx:99","PATCH","/notifications/${id}/read","PATCH /api/v1/notifications/:id/read","WIRED","Matches backend/src/routes/notification.routes.ts:10"
"await api.patch('/notifications/actions/read-all');","frontend/src/components/layout/Navbar.tsx:109","PATCH","/notifications/actions/read-all","PATCH /api/v1/notifications/actions/read-all","WIRED","Matches backend/src/routes/notification.routes.ts:11"
"await api.post('/auth/logout');","frontend/src/context/AuthContext.tsx:41","POST","/auth/logout","POST /api/v1/auth/logout","WIRED","Matches backend/src/routes/auth.routes.ts:47"
"const response = await api.get('/auth/me');","frontend/src/context/AuthContext.tsx:51","GET","/auth/me","GET /api/v1/auth/me","WIRED","Matches backend/src/routes/auth.routes.ts:48"
"const res = await api.post('/auth/login', credentials);","frontend/src/context/AuthContext.tsx:77","POST","/auth/login","POST /api/v1/auth/login","WIRED","Matches backend/src/routes/auth.routes.ts:24"
"const res = await api.post('/auth/register', data);","frontend/src/context/AuthContext.tsx:90","POST","/auth/register","POST /api/v1/auth/register","WIRED","Matches backend/src/routes/auth.routes.ts:21"
"const res = await api.post('/auth/verify-otp', { identifier, otp, purpose });","frontend/src/context/AuthContext.tsx:96","POST","/auth/verify-otp","POST /api/v1/auth/verify-otp","WIRED","Matches backend/src/routes/auth.routes.ts:22"
"await api.post('/auth/logout');","frontend/src/context/AuthContext.tsx:110","POST","/auth/logout","POST /api/v1/auth/logout","WIRED","Matches backend/src/routes/auth.routes.ts:47"
"await api.post('/auth/refresh');","frontend/src/lib/api.ts:76","POST","/auth/refresh","POST /api/v1/auth/refresh","WIRED","Matches backend/src/routes/auth.routes.ts:25"
"const res = await api.get('/admin/applications', {","frontend/src/pages/AdminApplicationsPage.tsx:84","GET","/admin/applications","GET /api/v1/admin/applications","WIRED","Matches backend/src/routes/admin.routes.ts:17"
"const res = await api.get('/admin/audit-logs', {","frontend/src/pages/AdminAuditLogsPage.tsx:70","GET","/admin/audit-logs","GET /api/v1/admin/audit-logs","WIRED","Matches backend/src/routes/admin.routes.ts:18"
"const res = await api.get('/admin/dashboard');","frontend/src/pages/AdminDashboardPage.tsx:61","GET","/admin/dashboard","GET /api/v1/admin/dashboard","WIRED","Matches backend/src/routes/admin.routes.ts:12"
"const res = await api.get('/admin/audit-logs', {","frontend/src/pages/AdminDashboardPage.tsx:74","GET","/admin/audit-logs","GET /api/v1/admin/audit-logs","WIRED","Matches backend/src/routes/admin.routes.ts:18"
"const res = await api.get('/admin/jobs', {","frontend/src/pages/AdminJobsPage.tsx:112","GET","/admin/jobs","GET /api/v1/admin/jobs","WIRED","Matches backend/src/routes/admin.routes.ts:15"
"const res = await api.patch(`/admin/jobs/${jobId}/moderate`, { action });","frontend/src/pages/AdminJobsPage.tsx:142","PATCH","/admin/jobs/${jobId}/moderate","PATCH /api/v1/admin/jobs/:id/moderate","WIRED","Matches backend/src/routes/admin.routes.ts:16"
"const res = await api.get('/admin/profile');","frontend/src/pages/AdminProfilePage.tsx:63","GET","/admin/profile","GET /api/v1/admin/profile","WIRED","Matches backend/src/routes/admin.routes.ts:19"
"const res = await api.get('/sessions');","frontend/src/pages/AdminProfilePage.tsx:72","GET","/sessions","GET /api/v1/sessions","WIRED","Matches backend/src/routes/session.routes.ts:9"
"const res = await api.get('/admin/audit-logs', { params: { limit: 5 } });","frontend/src/pages/AdminProfilePage.tsx:81","GET","/admin/audit-logs","GET /api/v1/admin/audit-logs","WIRED","Matches backend/src/routes/admin.routes.ts:18"
"const res = await api.patch('/admin/profile', {","frontend/src/pages/AdminProfilePage.tsx:183","PATCH","/admin/profile","PATCH /api/v1/admin/profile","WIRED","Matches backend/src/routes/admin.routes.ts:20"
"const res = await api.post('/auth/change-password', {","frontend/src/pages/AdminProfilePage.tsx:211","POST","/auth/change-password","POST /api/v1/auth/change-password","WIRED","Matches backend/src/routes/auth.routes.ts:50"
"await api.delete(`/sessions/${sessionId}`);","frontend/src/pages/AdminProfilePage.tsx:240","DELETE","/sessions/${sessionId}","DELETE /api/v1/sessions/:sessionId","WIRED","Matches backend/src/routes/session.routes.ts:10"
"await api.delete('/sessions/actions/revoke-others');","frontend/src/pages/AdminProfilePage.tsx:251","DELETE","/sessions/actions/revoke-others","DELETE /api/v1/sessions/actions/revoke-others","WIRED","Matches backend/src/routes/session.routes.ts:11"
"await api.post('/auth/avatar', formData);","frontend/src/pages/AdminProfilePage.tsx:282","POST","/auth/avatar","POST /api/v1/auth/avatar","WIRED","Matches backend/src/routes/auth.routes.ts:55"
"await api.patch(`/admin/users/${currentUser?._id}/status`, { status: 'deactivated' });","frontend/src/pages/AdminProfilePage.tsx:299","PATCH","/admin/users/${currentUser?._id}/status","PATCH /api/v1/admin/users/:id/status","WIRED","Matches backend/src/routes/admin.routes.ts:14"
"const res = await api.get(`/admin/users?${q.toString()}`);","frontend/src/pages/AdminUsersPage.tsx:83","GET","/admin/users?${q.toString()}","GET /api/v1/admin/users","WIRED","Matches backend/src/routes/admin.routes.ts:13"
"const res = await api.patch(`/admin/users/${userId}/status`, { status });","frontend/src/pages/AdminUsersPage.tsx:100","PATCH","/admin/users/${userId}/status","PATCH /api/v1/admin/users/:id/status","WIRED","Matches backend/src/routes/admin.routes.ts:14"
"const res = await api.get('/candidate/profile');","frontend/src/pages/CandidateAIAssistantPage.tsx:809","GET","/candidate/profile","GET /api/v1/candidate/profile","WIRED","Matches backend/src/routes/candidate.routes.ts:13"
"const res = await api.get('/jobs/saved/all');","frontend/src/pages/CandidateAIAssistantPage.tsx:819","GET","/jobs/saved/all","GET /api/v1/jobs/saved/all","WIRED","Matches backend/src/routes/job.routes.ts:19"
"await api.delete(`/jobs/${jobId}/save`);","frontend/src/pages/CandidateAIAssistantPage.tsx:941","DELETE","/jobs/${jobId}/save","DELETE /api/v1/jobs/:id/save","WIRED","Matches backend/src/routes/job.routes.ts:21"
"await api.post(`/jobs/${jobId}/save`);","frontend/src/pages/CandidateAIAssistantPage.tsx:943","POST","/jobs/${jobId}/save","POST /api/v1/jobs/:id/save","WIRED","Matches backend/src/routes/job.routes.ts:20"
"const res = await api.post('/ai/chat', {","frontend/src/pages/CandidateAIAssistantPage.tsx:959","POST","/ai/chat","POST /api/v1/ai/chat","WIRED","Matches backend/src/routes/ai.routes.ts:29"
"const res = await api.get('/applications/me');","frontend/src/pages/CandidateApplicationsPage.tsx:93","GET","/applications/me","GET /api/v1/applications/me","WIRED","Matches backend/src/routes/application.routes.ts:23"
"await api.patch(`/applications/${id}/withdraw`);","frontend/src/pages/CandidateApplicationsPage.tsx:106","PATCH","/applications/${id}/withdraw","PATCH /api/v1/applications/:id/withdraw","WIRED","Matches backend/src/routes/application.routes.ts:24"
"const res = await api.get('/candidate/dashboard');","frontend/src/pages/CandidateDashboardPage.tsx:187","GET","/candidate/dashboard","GET /api/v1/candidate/dashboard","WIRED","Matches backend/src/routes/candidate.routes.ts:17"
"const res = await api.get('/jobs/saved/all');","frontend/src/pages/CandidateDashboardPage.tsx:196","GET","/jobs/saved/all","GET /api/v1/jobs/saved/all","WIRED","Matches backend/src/routes/job.routes.ts:19"
"await api.delete(`/jobs/${jobId}/save`);","frontend/src/pages/CandidateDashboardPage.tsx:212","DELETE","/jobs/${jobId}/save","DELETE /api/v1/jobs/:id/save","WIRED","Matches backend/src/routes/job.routes.ts:21"
"await api.post(`/jobs/${jobId}/save`);","frontend/src/pages/CandidateDashboardPage.tsx:215","POST","/jobs/${jobId}/save","POST /api/v1/jobs/:id/save","WIRED","Matches backend/src/routes/job.routes.ts:20"
"const res = await api.get('/candidate/profile');","frontend/src/pages/CandidateProfilePage.tsx:226","GET","/candidate/profile","GET /api/v1/candidate/profile","WIRED","Matches backend/src/routes/candidate.routes.ts:13"
"const res = await api.patch('/candidate/profile', {","frontend/src/pages/CandidateProfilePage.tsx:466","PATCH","/candidate/profile","PATCH /api/v1/candidate/profile","WIRED","Matches backend/src/routes/candidate.routes.ts:14"
"const res = await api.post('/auth/avatar', formData);","frontend/src/pages/CandidateProfilePage.tsx:529","POST","/auth/avatar","POST /api/v1/auth/avatar","WIRED","Matches backend/src/routes/auth.routes.ts:55"
"await api.delete('/auth/avatar');","frontend/src/pages/CandidateProfilePage.tsx:550","DELETE","/auth/avatar","DELETE /api/v1/auth/avatar","WIRED","Matches backend/src/routes/auth.routes.ts:56"
"const res = await api.post('/candidate/resume', formData);","frontend/src/pages/CandidateProfilePage.tsx:567","POST","/candidate/resume","POST /api/v1/candidate/resume","WIRED","Matches backend/src/routes/candidate.routes.ts:15"
"await api.delete('/candidate/resume');","frontend/src/pages/CandidateProfilePage.tsx:583","DELETE","/candidate/resume","DELETE /api/v1/candidate/resume","WIRED","Matches backend/src/routes/candidate.routes.ts:16"
"const res = await api.post('/ai/chat', { query: aiPrompt });","frontend/src/pages/CandidateProfilePage.tsx:615","POST","/ai/chat","POST /api/v1/ai/chat","WIRED","Matches backend/src/routes/ai.routes.ts:29"
"const res = await api.get('/jobs/saved/all');","frontend/src/pages/CandidateSavedJobsPage.tsx:108","GET","/jobs/saved/all","GET /api/v1/jobs/saved/all","WIRED","Matches backend/src/routes/job.routes.ts:19"
"const res = await api.get('/applications/me');","frontend/src/pages/CandidateSavedJobsPage.tsx:116","GET","/applications/me","GET /api/v1/applications/me","WIRED","Matches backend/src/routes/application.routes.ts:23"
"await api.delete(`/jobs/${jobId}/save`);","frontend/src/pages/CandidateSavedJobsPage.tsx:129","DELETE","/jobs/${jobId}/save","DELETE /api/v1/jobs/:id/save","WIRED","Matches backend/src/routes/job.routes.ts:21"
"const response = await api.post('/auth/forgot-password', { email: email.trim().toLowerCase() });","frontend/src/pages/ForgotPasswordPage.tsx:155","POST","/auth/forgot-password","POST /api/v1/auth/forgot-password","WIRED","Matches backend/src/routes/auth.routes.ts:28"
"await api.post('/auth/resend-otp', {","frontend/src/pages/ForgotPasswordPage.tsx:180","POST","/auth/resend-otp","POST /api/v1/auth/resend-otp","WIRED","Matches backend/src/routes/auth.routes.ts:23"
"const response = await api.post('/auth/verify-reset-otp', {","frontend/src/pages/ForgotPasswordPage.tsx:241","POST","/auth/verify-reset-otp","POST /api/v1/auth/verify-reset-otp","WIRED","Matches backend/src/routes/auth.routes.ts:34"
"await api.post('/auth/reset-password', {","frontend/src/pages/ForgotPasswordPage.tsx:282","POST","/auth/reset-password","POST /api/v1/auth/reset-password","WIRED","Matches backend/src/routes/auth.routes.ts:40"
"const res = await api.get(`/jobs?${q.toString()}`);","frontend/src/pages/HomePage.tsx:145","GET","/jobs?${q.toString()}","GET /api/v1/jobs","WIRED","Matches backend/src/routes/job.routes.ts:15"
"const res = await api.get('/jobs/saved/all');","frontend/src/pages/HomePage.tsx:154","GET","/jobs/saved/all","GET /api/v1/jobs/saved/all","WIRED","Matches backend/src/routes/job.routes.ts:19"
"await api.delete(`/jobs/${jobId}/save`);","frontend/src/pages/HomePage.tsx:187","DELETE","/jobs/${jobId}/save","DELETE /api/v1/jobs/:id/save","WIRED","Matches backend/src/routes/job.routes.ts:21"
"await api.post(`/jobs/${jobId}/save`);","frontend/src/pages/HomePage.tsx:189","POST","/jobs/${jobId}/save","POST /api/v1/jobs/:id/save","WIRED","Matches backend/src/routes/job.routes.ts:20"
"const res = await api.get('/applications/me');","frontend/src/pages/HomePage.tsx:202","GET","/applications/me","GET /api/v1/applications/me","WIRED","Matches backend/src/routes/application.routes.ts:23"
"const res = await api.get(`/jobs/${id}`);","frontend/src/pages/JobDetailPage.tsx:73","GET","/jobs/${id}","GET /api/v1/jobs/:id","WIRED","Matches backend/src/routes/job.routes.ts:16"
"const res = await api.get('/applications/me');","frontend/src/pages/JobDetailPage.tsx:83","GET","/applications/me","GET /api/v1/applications/me","WIRED","Matches backend/src/routes/application.routes.ts:23"
"const res = await api.post('/ai/job-summary', { jobId: id });","frontend/src/pages/JobDetailPage.tsx:97","POST","/ai/job-summary","POST /api/v1/ai/job-summary","WIRED","Matches backend/src/routes/ai.routes.ts:13"
"const res = await api.post('/ai/match-score', { jobId: id });","frontend/src/pages/JobDetailPage.tsx:105","POST","/ai/match-score","POST /api/v1/ai/match-score","WIRED","Matches backend/src/routes/ai.routes.ts:15"
"await api.post(`/jobs/${id}/save`);","frontend/src/pages/JobDetailPage.tsx:113","POST","/jobs/${id}/save","POST /api/v1/jobs/:id/save","WIRED","Matches backend/src/routes/job.routes.ts:20"
"const res = await api.post(`/applications/jobs/${id}/apply`, {","frontend/src/pages/JobDetailPage.tsx:126","POST","/applications/jobs/${id}/apply","POST /api/v1/applications/jobs/:jobId/apply","WIRED","Matches backend/src/routes/application.routes.ts:17"
"const res = await api.get(`/jobs?${q.toString()}`);","frontend/src/pages/JobsPage.tsx:177","GET","/jobs?${q.toString()}","GET /api/v1/jobs","WIRED","Matches backend/src/routes/job.routes.ts:15"
"const res = await api.get('/jobs/saved/all');","frontend/src/pages/JobsPage.tsx:190","GET","/jobs/saved/all","GET /api/v1/jobs/saved/all","WIRED","Matches backend/src/routes/job.routes.ts:19"
"await api.delete(`/jobs/${jobId}/save`);","frontend/src/pages/JobsPage.tsx:223","DELETE","/jobs/${jobId}/save","DELETE /api/v1/jobs/:id/save","WIRED","Matches backend/src/routes/job.routes.ts:21"
"await api.post(`/jobs/${jobId}/save`);","frontend/src/pages/JobsPage.tsx:225","POST","/jobs/${jobId}/save","POST /api/v1/jobs/:id/save","WIRED","Matches backend/src/routes/job.routes.ts:20"
"const res = await api.get('/applications/me');","frontend/src/pages/JobsPage.tsx:237","GET","/applications/me","GET /api/v1/applications/me","WIRED","Matches backend/src/routes/application.routes.ts:23"
"const res = await api.get('/companies/actions/dashboard');","frontend/src/pages/RecruiterDashboardPage.tsx:106","GET","/companies/actions/dashboard","GET /api/v1/companies/actions/dashboard","WIRED","Matches backend/src/routes/company.routes.ts:14"
"const res = await api.get(`/applications/recruiter/applicants${q}`);","frontend/src/pages/RecruiterDashboardPage.tsx:119","GET","/applications/recruiter/applicants${q}","GET /api/v1/applications/recruiter/applicants","WIRED","Matches backend/src/routes/application.routes.ts:42"
"const res = await api.get('/applications/recruiter/interviews');","frontend/src/pages/RecruiterDashboardPage.tsx:132","GET","/applications/recruiter/interviews","GET /api/v1/applications/recruiter/interviews","WIRED","Matches backend/src/routes/application.routes.ts:47"
"await api.patch(`/applications/${updatingApp._id}/status`, {","frontend/src/pages/RecruiterDashboardPage.tsx:161","PATCH","/applications/${updatingApp._id}/status","PATCH /api/v1/applications/:id/status","WIRED","Matches backend/src/routes/application.routes.ts:36"
"const res = await api.get(`/applications/jobs/${jobId}/applicants${q}`);","frontend/src/pages/RecruiterJobApplicantsPage.tsx:48","GET","/applications/jobs/${jobId}/applicants${q}","GET /api/v1/applications/jobs/:jobId/applicants","WIRED","Matches backend/src/routes/application.routes.ts:31"
"await api.patch(`/applications/${selectedApp._id}/status`, {","frontend/src/pages/RecruiterJobApplicantsPage.tsx:57","PATCH","/applications/${selectedApp._id}/status","PATCH /api/v1/applications/:id/status","WIRED","Matches backend/src/routes/application.routes.ts:36"
"await api.post('/applications/interviews', {","frontend/src/pages/RecruiterJobApplicantsPage.tsx:72","POST","/applications/interviews","POST /api/v1/applications/interviews","WIRED","Matches backend/src/routes/application.routes.ts:52"
"const res = await api.post('/ai/generate-jd', {","frontend/src/pages/RecruiterJobCreatePage.tsx:136","POST","/ai/generate-jd","POST /api/v1/ai/generate-jd","WIRED","Matches backend/src/routes/ai.routes.ts:22"
"const res = await api.post('/jobs', payload);","frontend/src/pages/RecruiterJobCreatePage.tsx:280","POST","/jobs","POST /api/v1/jobs","WIRED","Matches backend/src/routes/job.routes.ts:24"
"const res = await api.get('/companies/actions/dashboard');","frontend/src/pages/RecruiterJobsPage.tsx:168","GET","/companies/actions/dashboard","GET /api/v1/companies/actions/dashboard","WIRED","Matches backend/src/routes/company.routes.ts:14"
"await api.post(`/jobs/${id}/publish`);","frontend/src/pages/RecruiterJobsPage.tsx:180","POST","/jobs/${id}/publish","POST /api/v1/jobs/:id/publish","WIRED","Matches backend/src/routes/job.routes.ts:39"
"await api.post(`/jobs/${id}/pause`);","frontend/src/pages/RecruiterJobsPage.tsx:195","POST","/jobs/${id}/pause","POST /api/v1/jobs/:id/pause","WIRED","Matches backend/src/routes/job.routes.ts:45"
"await api.post(`/jobs/${id}/close`);","frontend/src/pages/RecruiterJobsPage.tsx:210","POST","/jobs/${id}/close","POST /api/v1/jobs/:id/close","WIRED","Matches backend/src/routes/job.routes.ts:51"
"await api.delete(`/jobs/${id}`);","frontend/src/pages/RecruiterJobsPage.tsx:225","DELETE","/jobs/${id}","DELETE /api/v1/jobs/:id","WIRED","Matches backend/src/routes/job.routes.ts:56"
"await api.patch(`/jobs/${id}`, data);","frontend/src/pages/RecruiterJobsPage.tsx:240","PATCH","/jobs/${id}","PATCH /api/v1/jobs/:id","WIRED","Matches backend/src/routes/job.routes.ts:31"
"const res = await api.post('/ai/generate-jd', {","frontend/src/pages/RecruiterJobsPage.tsx:307","POST","/ai/generate-jd","POST /api/v1/ai/generate-jd","WIRED","Matches backend/src/routes/ai.routes.ts:22"
"const res = await api.get('/recruiter/profile');","frontend/src/pages/RecruiterProfilePage.tsx:216","GET","/recruiter/profile","GET /api/v1/recruiter/profile","WIRED","Matches backend/src/routes/recruiter.routes.ts:12"
"const res = await api.get('/sessions');","frontend/src/pages/RecruiterProfilePage.tsx:226","GET","/sessions","GET /api/v1/sessions","WIRED","Matches backend/src/routes/session.routes.ts:9"
"const res = await api.patch('/recruiter/profile', {","frontend/src/pages/RecruiterProfilePage.tsx:453","PATCH","/recruiter/profile","PATCH /api/v1/recruiter/profile","WIRED","Matches backend/src/routes/recruiter.routes.ts:13"
"const res = await api.post('/auth/avatar', formData);","frontend/src/pages/RecruiterProfilePage.tsx:503","POST","/auth/avatar","POST /api/v1/auth/avatar","WIRED","Matches backend/src/routes/auth.routes.ts:55"
"await api.delete('/auth/avatar');","frontend/src/pages/RecruiterProfilePage.tsx:524","DELETE","/auth/avatar","DELETE /api/v1/auth/avatar","WIRED","Matches backend/src/routes/auth.routes.ts:56"
"await api.post('/auth/change-password', {","frontend/src/pages/RecruiterProfilePage.tsx:560","POST","/auth/change-password","POST /api/v1/auth/change-password","WIRED","Matches backend/src/routes/auth.routes.ts:50"
"const res = await api.delete('/sessions/actions/revoke-others');","frontend/src/pages/RecruiterProfilePage.tsx:583","DELETE","/sessions/actions/revoke-others","DELETE /api/v1/sessions/actions/revoke-others","WIRED","Matches backend/src/routes/session.routes.ts:11"
"await api.post('/auth/resend-otp', {","frontend/src/pages/VerifyOtpPage.tsx:99","POST","/auth/resend-otp","POST /api/v1/auth/resend-otp","WIRED","Matches backend/src/routes/auth.routes.ts:23"
