path,component,lazy_loaded,guard,roles_allowed,api_calls_on_load
"/",HomePage,NO,None (Public),Public,"GET /api/v1/jobs?limit=6, GET /api/v1/jobs/saved/all (if auth)"
"/jobs",JobsPage,NO,None (Public),Public,"GET /api/v1/jobs, GET /api/v1/jobs/saved/all (if auth)"
"/jobs/:id",JobDetailPage,NO,None (Public),Public,"GET /api/v1/jobs/:id, GET /api/v1/jobs/saved/all, GET /api/v1/applications/me"
"/login",LoginPage,NO,None (Public),Public,None
"/register",RegisterPage,NO,None (Public),Public,None
"/verify-otp",VerifyOtpPage,NO,None (Public),Public,None
"/forgot-password",ForgotPasswordPage,NO,None (Public),Public,None
"/candidate/dashboard",CandidateDashboardPage,NO,ProtectedRoute (Client-side),CANDIDATE,"GET /api/v1/candidate/dashboard, GET /api/v1/candidate/profile, GET /api/v1/applications/me, GET /api/v1/jobs/saved/all, GET /api/v1/notifications"
"/candidate/profile",CandidateProfilePage,NO,ProtectedRoute (Client-side),CANDIDATE,"GET /api/v1/candidate/profile"
"/candidate/applications",CandidateApplicationsPage,NO,ProtectedRoute (Client-side),CANDIDATE,"GET /api/v1/applications/me"
"/candidate/saved-jobs",CandidateSavedJobsPage,NO,ProtectedRoute (Client-side),CANDIDATE,"GET /api/v1/jobs/saved/all"
"/candidate/ai-assistant",CandidateAIAssistantPage,NO,ProtectedRoute (Client-side),CANDIDATE,"GET /api/v1/candidate/profile"
"/recruiter/dashboard",RecruiterDashboardPage,NO,ProtectedRoute (Client-side),RECRUITER,"GET /api/v1/companies/actions/dashboard, GET /api/v1/jobs, GET /api/v1/applications/recruiter/applicants, GET /api/v1/applications/recruiter/interviews"
"/recruiter/profile",RecruiterProfilePage,NO,ProtectedRoute (Client-side),"RECRUITER, ADMIN","GET /api/v1/recruiter/profile"
"/recruiter/jobs",RecruiterJobsPage,NO,ProtectedRoute (Client-side),RECRUITER,"GET /api/v1/jobs?recruiterId=:id"
"/recruiter/jobs/create",RecruiterJobCreatePage,NO,ProtectedRoute (Client-side),"RECRUITER, ADMIN","GET /api/v1/recruiter/profile"
"/recruiter/jobs/:jobId/applicants",RecruiterJobApplicantsPage,NO,ProtectedRoute (Client-side),"RECRUITER, ADMIN","GET /api/v1/jobs/:id, GET /api/v1/applications/jobs/:jobId/applicants"
"/admin",Navigate to /admin/dashboard,NO,ProtectedRoute (Client-side),ADMIN,None
"/admin/dashboard",AdminDashboardPage,NO,ProtectedRoute (Client-side),ADMIN,"GET /api/v1/admin/dashboard"
"/admin/users",AdminUsersPage,NO,ProtectedRoute (Client-side),ADMIN,"GET /api/v1/admin/users"
"/admin/jobs",AdminJobsPage,NO,ProtectedRoute (Client-side),ADMIN,"GET /api/v1/admin/jobs"
"/admin/applications",AdminApplicationsPage,NO,ProtectedRoute (Client-side),ADMIN,"GET /api/v1/admin/applications"
"/admin/audit-logs",AdminAuditLogsPage,NO,ProtectedRoute (Client-side),ADMIN,"GET /api/v1/admin/audit-logs"
"/admin/profile",AdminProfilePage,NO,ProtectedRoute (Client-side),ADMIN,"GET /api/v1/admin/profile, GET /api/v1/sessions"
"*",Navigate to /,NO,None,Public,None
