name,kind,file_line,extends,implements,methods_count,loc
"AIService","class","backend/src/ai/ai.service.ts:16","","",4,200
"AICompletionOptions","interface","backend/src/ai/interfaces/aiProvider.interface.ts:1","","",0,10
"IAIProvider","interface","backend/src/ai/interfaces/aiProvider.interface.ts:6","","",0,10
"DeterministicAIProvider","class","backend/src/ai/providers/deterministicProvider.ts:3","","IAIProvider",1,84
"GeminiAIProvider","class","backend/src/ai/providers/geminiProvider.ts:4","","IAIProvider",2,68
"AdminController","class","backend/src/controllers/admin.controller.ts:8","","",9,179
"AIController","class","backend/src/controllers/ai.controller.ts:6","","",4,80
"ApplicationController","class","backend/src/controllers/application.controller.ts:6","","",9,160
"AuthController","class","backend/src/controllers/auth.controller.ts:14","","",12,295
"CandidateController","class","backend/src/controllers/candidate.controller.ts:8","","",5,96
"CompanyController","class","backend/src/controllers/company.controller.ts:6","","",4,62
"JobController","class","backend/src/controllers/job.controller.ts:6","","",11,174
"NotificationController","class","backend/src/controllers/notification.controller.ts:6","","",3,46
"RecruiterController","class","backend/src/controllers/recruiter.controller.ts:6","","",2,35
"SessionController","class","backend/src/controllers/session.controller.ts:6","","",3,52
"Request","interface","backend/src/middlewares/auth.middleware.ts:12","","",0,85
"IApplicationDocument","interface","backend/src/models/Application.ts:4","Document","",0,72
"IAuditLogDocument","interface","backend/src/models/AuditLog.ts:3","Document","",0,36
"ICandidateProfileDocument","interface","backend/src/models/CandidateProfile.ts:4","Document","",0,136
"ICompanyDocument","interface","backend/src/models/Company.ts:3","Document","",0,57
"IInterviewDocument","interface","backend/src/models/Interview.ts:3","Document","",0,57
"IJobDocument","interface","backend/src/models/Job.ts:4","Document","",0,86
"INotificationDocument","interface","backend/src/models/Notification.ts:3","Document","",0,42
"ISavedJobDocument","interface","backend/src/models/SavedJob.ts:3","Document","",0,35
"ISessionDocument","interface","backend/src/models/Session.ts:3","Document","",0,55
"IUserDocument","interface","backend/src/models/User.ts:6","Document","",0,99
"SocketGateway","class","backend/src/realtime/socket.ts:10","","",2,90
"AdminService","class","backend/src/services/admin.service.ts:11","","",7,359
"ApplicationService","class","backend/src/services/application.service.ts:78","","",10,544
"AuthService","class","backend/src/services/auth.service.ts:37","","",10,685
"CandidateService","class","backend/src/services/candidate.service.ts:10","","",6,237
"CompanyService","class","backend/src/services/company.service.ts:8","","",5,163
"EmailServiceClass","class","backend/src/services/email.service.ts:4","","",2,174
"JobService","class","backend/src/services/job.service.ts:18","","",9,416
"NotificationService","class","backend/src/services/notification.service.ts:4","","",3,56
"RecruiterService","class","backend/src/services/recruiter.service.ts:8","","",2,134
"RedisService","class","backend/src/services/redis.service.ts:9","","",13,306
"InMemoryEntry","interface","backend/src/services/redis.service.ts:4","","",0,306
"SessionService","class","backend/src/services/session.service.ts:7","","",5,111
"TokenPayload","interface","backend/src/utils/token.ts:6","","",0,48
"RefreshTokenPayload","interface","backend/src/utils/token.ts:13","","",0,48
"CountryMetadata","interface","shared/src/constants/countries.ts:1","","",0,491
"HighestQualification","type","shared/src/constants/qualifications.ts:11","","",0,12
"UserRole","type","shared/src/constants/roles.ts:7","","",0,59
"AccountStatus","type","shared/src/constants/roles.ts:16","","",0,59
"JobStatus","type","shared/src/constants/roles.ts:26","","",0,59
"ApplicationStatus","type","shared/src/constants/roles.ts:38","","",0,59
"RemoteType","type","shared/src/constants/roles.ts:46","","",0,59
"EmploymentType","type","shared/src/constants/roles.ts:55","","",0,59
"Gender","type","shared/src/constants/roles.ts:58","","",0,59
"ApplyJobInput","type","shared/src/schemas/application.schema.ts:10","","",0,54
"UpdateApplicationStatusInput","type","shared/src/schemas/application.schema.ts:24","","",0,54
"ScheduleInterviewInput","type","shared/src/schemas/application.schema.ts:53","","",0,54
"PhoneValidationResult","interface","shared/src/schemas/auth.schema.ts:502","","",0,894
"RegisterInput","type","shared/src/schemas/auth.schema.ts:779","","",0,894
"LoginInput","type","shared/src/schemas/auth.schema.ts:790","","",0,894
"VerifyOtpInput","type","shared/src/schemas/auth.schema.ts:802","","",0,894
"ResendOtpInput","type","shared/src/schemas/auth.schema.ts:810","","",0,894
"ForgotPasswordInput","type","shared/src/schemas/auth.schema.ts:820","","",0,894
"VerifyResetOtpInput","type","shared/src/schemas/auth.schema.ts:834","","",0,894
"ResetPasswordInput","type","shared/src/schemas/auth.schema.ts:868","","",0,894
"ChangePasswordInput","type","shared/src/schemas/auth.schema.ts:893","","",0,894
"CreateJobInput","type","shared/src/schemas/job.schema.ts:96","","",0,118
"UpdateJobInput","type","shared/src/schemas/job.schema.ts:102","","",0,118
"JobFilterQuery","type","shared/src/schemas/job.schema.ts:117","","",0,118
"UpdateProfileInput","type","shared/src/schemas/profile.schema.ts:64","","",0,86
"UpdateRecruiterProfileInput","type","shared/src/schemas/profile.schema.ts:84","","",0,86
"UpdateUserInput","type","shared/src/schemas/user.schema.ts:47","","",0,48
"IUser","interface","shared/src/types/index.ts:4","","",0,209
"ICandidateEducation","interface","shared/src/types/index.ts:27","","",0,209
"ICandidateExperience","interface","shared/src/types/index.ts:37","","",0,209
"ICandidateProfile","interface","shared/src/types/index.ts:48","","",0,209
"ICompany","interface","shared/src/types/index.ts:75","","",0,209
"IJob","interface","shared/src/types/index.ts:93","","",0,209
"IApplication","interface","shared/src/types/index.ts:117","","",0,209
"INotification","interface","shared/src/types/index.ts:133","","",0,209
"IInterview","interface","shared/src/types/index.ts:144","","",0,209
"ISession","interface","shared/src/types/index.ts:158","","",0,209
"IAuditLog","interface","shared/src/types/index.ts:177","","",0,209
