file_line,category,snippet
"frontend/src/components/admin/common/AdminFilterToolbar.tsx:93","MOCK_KEYWORD","placeholder={searchPlaceholder}"
"frontend/src/components/admin/common/AdminFilterToolbar.tsx:94","MOCK_KEYWORD","className=""w-full pl-9 pr-9 py-2 text-xs rounded-xl bg-slate-50 dark:bg-slate-900 border border-slate-200 dark:border-sl"
"frontend/src/components/admin/dashboard/AuditDetailDrawer.tsx:39","SIMULATED_ASYNC","setTimeout(() => setCopiedField(null), 2000);"
"frontend/src/components/admin/dashboard/PlatformHealth.tsx:19","HARDCODED_STATUS_BADGE","label: 'Operational',"
"frontend/src/components/admin/dashboard/PlatformHealth.tsx:24","HARDCODED_STATUS_BADGE","label: 'Operational',"
"frontend/src/components/admin/dashboard/PlatformHealth.tsx:29","HARDCODED_STATUS_BADGE","label: health?.database === 'healthy' ? 'Connected' : 'Degraded',"
"frontend/src/components/admin/dashboard/PlatformHealth.tsx:34","HARDCODED_STATUS_BADGE","label: health?.redis === 'healthy' ? 'Connected' : 'Fallback Mode',"
"frontend/src/components/admin/dashboard/PlatformHealth.tsx:39","HARDCODED_STATUS_BADGE","label: 'Connected',"
"frontend/src/components/admin/layout/AdminCommandPaletteModal.tsx:30","SIMULATED_ASYNC","setTimeout(() => inputRef.current?.focus(), 50);"
"frontend/src/components/admin/layout/AdminCommandPaletteModal.tsx:86","MOCK_KEYWORD","placeholder=""Type a command or search users, jobs, audit logs..."""
"frontend/src/components/admin/layout/AdminCommandPaletteModal.tsx:89","MOCK_KEYWORD","className=""flex-1 bg-transparent text-sm text-slate-900 dark:text-white placeholder-slate-400 focus:outline-hidden"""
"frontend/src/components/auth/ForgotPasswordCard.tsx:301","MOCK_KEYWORD","placeholder=""name@example.com"""
"frontend/src/components/auth/ForgotPasswordCard.tsx:307","MOCK_KEYWORD","className=""w-full pl-10 pr-3.5 py-2.5 bg-transparent text-xs text-slate-900 dark:text-white placeholder-slate-400 dark:p"
"frontend/src/components/auth/ForgotPasswordCard.tsx:450","MOCK_KEYWORD","placeholder=""Enter new strong password"""
"frontend/src/components/auth/ForgotPasswordCard.tsx:456","MOCK_KEYWORD","className=""w-full pl-10 pr-10 py-2.5 bg-transparent text-xs text-slate-900 dark:text-white placeholder-slate-400 dark:pl"
"frontend/src/components/auth/ForgotPasswordCard.tsx:500","MOCK_KEYWORD","placeholder=""Re-enter your password"""
"frontend/src/components/auth/ForgotPasswordCard.tsx:506","MOCK_KEYWORD","className=""w-full pl-10 pr-10 py-2.5 bg-transparent text-xs text-slate-900 dark:text-white placeholder-slate-400 dark:pl"
"frontend/src/components/auth/SignInCard.tsx:84","SIMULATED_ASYNC","setTimeout(() => setSocialNotice(null), 5000);"
"frontend/src/components/auth/SignInCard.tsx:187","MOCK_KEYWORD","placeholder=""name@example.com"""
"frontend/src/components/auth/SignInCard.tsx:194","MOCK_KEYWORD","className=""w-full pl-10 pr-3.5 py-2.5 bg-transparent text-xs text-slate-900 dark:text-white placeholder-slate-400 dark:p"
"frontend/src/components/auth/SignInCard.tsx:232","MOCK_KEYWORD","placeholder=""Enter your password"""
"frontend/src/components/auth/SignInCard.tsx:239","MOCK_KEYWORD","className=""w-full pl-10 pr-10 py-2.5 bg-transparent text-xs text-slate-900 dark:text-white placeholder-slate-400 dark:pl"
"frontend/src/components/common/Input.tsx:13","RANDOM_GENERATION","const inputId = id || props.name || Math.random().toString(36).substring(7);"
"frontend/src/components/hero/Search.tsx:33","MOCK_KEYWORD","placeholder=""Job title, skills, or keywords..."""
"frontend/src/components/hero/Search.tsx:36","MOCK_KEYWORD","className=""w-full bg-transparent text-xs sm:text-sm text-slate-900 dark:text-[#F8FAFC] placeholder-slate-400 dark:placeh"
"frontend/src/components/hero/Search.tsx:48","MOCK_KEYWORD","placeholder=""City, remote, or country..."""
"frontend/src/components/hero/Search.tsx:51","MOCK_KEYWORD","className=""w-full bg-transparent text-xs sm:text-sm text-slate-900 dark:text-[#F8FAFC] placeholder-slate-400 dark:placeh"
"frontend/src/pages/AdminApplicationsPage.tsx:73","SIMULATED_ASYNC","const handler = setTimeout(() => {"
"frontend/src/pages/AdminApplicationsPage.tsx:113","SIMULATED_ASYNC","setTimeout(() => setCopiedId(false), 2000);"
"frontend/src/pages/AdminAuditLogsPage.tsx:59","SIMULATED_ASYNC","const handler = setTimeout(() => {"
"frontend/src/pages/AdminAuditLogsPage.tsx:99","SIMULATED_ASYNC","setTimeout(() => setCopiedId(false), 2000);"
"frontend/src/pages/AdminAuditLogsPage.tsx:105","SIMULATED_ASYNC","setTimeout(() => setCopiedJson(false), 2000);"
"frontend/src/pages/AdminDashboardPage.tsx:90","SIMULATED_ASYNC","setTimeout(() => setCopiedId(null), 2000);"
"frontend/src/pages/AdminJobsPage.tsx:88","SIMULATED_ASYNC","const handler = setTimeout(() => {"
"frontend/src/pages/AdminJobsPage.tsx:150","SIMULATED_ASYNC","setTimeout(() => setFeedbackMsg(null), 4000);"
"frontend/src/pages/AdminJobsPage.tsx:174","SIMULATED_ASYNC","setTimeout(() => setFeedbackMsg(null), 5000);"
"frontend/src/pages/AdminJobsPage.tsx:191","SIMULATED_ASYNC","setTimeout(() => setCopiedId(false), 2000);"
"frontend/src/pages/AdminProfilePage.tsx:197","SIMULATED_ASYNC","setTimeout(() => setSaveSuccessMsg(null), 4000);"
"frontend/src/pages/AdminProfilePage.tsx:224","SIMULATED_ASYNC","setTimeout(() => {"
"frontend/src/pages/AdminProfilePage.tsx:662","MOCK_KEYWORD","placeholder=""Search countries..."""
"frontend/src/pages/AdminProfilePage.tsx:690","MOCK_KEYWORD","placeholder=""9876543210"""
"frontend/src/pages/AdminProfilePage.tsx:1242","MOCK_KEYWORD","placeholder=""Enter current password"""
"frontend/src/pages/AdminProfilePage.tsx:1264","MOCK_KEYWORD","placeholder=""At least 8 chars with letter, number & special"""
"frontend/src/pages/AdminProfilePage.tsx:1286","MOCK_KEYWORD","placeholder=""Re-enter new password"""
"frontend/src/pages/AdminProfilePage.tsx:1594","MOCK_KEYWORD","placeholder=""DEACTIVATE"""
"frontend/src/pages/AdminUsersPage.tsx:65","SIMULATED_ASYNC","const handler = setTimeout(() => {"
"frontend/src/pages/AdminUsersPage.tsx:111","SIMULATED_ASYNC","setTimeout(() => setFeedbackMsg(null), 4000);"
"frontend/src/pages/AdminUsersPage.tsx:129","SIMULATED_ASYNC","setTimeout(() => setFeedbackMsg(null), 5000);"
"frontend/src/pages/AdminUsersPage.tsx:148","SIMULATED_ASYNC","setTimeout(() => setCopiedId(false), 2000);"
"frontend/src/pages/CandidateAIAssistantPage.tsx:106","HARDCODED_CURRENCY","'Show remote Full Stack Engineer jobs above ₹15L',"
"frontend/src/pages/CandidateAIAssistantPage.tsx:135","MOCK_KEYWORD","prompt: 'Run a mock technical and behavioral interview session with me based on my skills. Ask one question at a time.',"
"frontend/src/pages/CandidateAIAssistantPage.tsx:188","HARDCODED_CURRENCY","salaryText: '₹12L – ₹18L',"
"frontend/src/pages/CandidateAIAssistantPage.tsx:199","HARDCODED_CURRENCY","salaryText: '₹15L – ₹22L',"
"frontend/src/pages/CandidateAIAssistantPage.tsx:210","HARDCODED_CURRENCY","salaryText: '₹10L – ₹16L',"
"frontend/src/pages/CandidateAIAssistantPage.tsx:221","HARDCODED_CURRENCY","salaryText: '₹22L – ₹32L',"
"frontend/src/pages/CandidateAIAssistantPage.tsx:232","HARDCODED_CURRENCY","salaryText: '₹30L – ₹42L',"
"frontend/src/pages/CandidateAIAssistantPage.tsx:243","HARDCODED_CURRENCY","salaryText: '₹18L – ₹26L',"
"frontend/src/pages/CandidateAIAssistantPage.tsx:293","MOCK_KEYWORD","text: '### Key React Performance Topics to Master:\n\n1. **Component Re-rendering**: How `React.memo`, `useMemo`, and `u"
"frontend/src/pages/CandidateAIAssistantPage.tsx:1175","SIMULATED_ASYNC","setTimeout(() => composerInputRef.current?.focus(), 100);"
"frontend/src/pages/CandidateAIAssistantPage.tsx:1227","SIMULATED_ASYNC","setTimeout(() => setCopiedMsgId(null), 2000);"
"frontend/src/pages/CandidateAIAssistantPage.tsx:1369","MOCK_KEYWORD","placeholder=""Search conversations..."""
"frontend/src/pages/CandidateAIAssistantPage.tsx:1372","MOCK_KEYWORD","className=""w-full pl-9 pr-3 py-2.5 text-xs rounded-xl bg-slate-50 dark:bg-slate-900 border border-slate-200/80 dark:bord"
"frontend/src/pages/CandidateAIAssistantPage.tsx:1789","HARDCODED_CURRENCY","{job.salaryText || '₹12L – ₹18L'}"
"frontend/src/pages/CandidateAIAssistantPage.tsx:2224","MOCK_KEYWORD","placeholder=""Ask about jobs, resume, interviews, or anything related to your career..."""
"frontend/src/pages/CandidateAIAssistantPage.tsx:2225","MOCK_KEYWORD","className=""flex-1 bg-transparent px-2 text-xs sm:text-sm text-slate-900 dark:text-white placeholder-slate-400 focus:outl"
"frontend/src/pages/CandidateAIAssistantPage.tsx:2233","MOCK_KEYWORD","handleSendPrompt('Run a mock interview question for React performance optimization.');"
"frontend/src/pages/CandidateDashboardPage.tsx:181","SIMULATED_ASYNC","setTimeout(() => setToastMessage(null), 4000);"
"frontend/src/pages/CandidateDashboardPage.tsx:749","MOCK_KEYWORD","`I have an upcoming interview with ${recruiterName}. Give me mock questions to practice.`"
"frontend/src/pages/CandidateDashboardPage.tsx:955","MOCK_KEYWORD","handleAskAi('Conduct a mock technical interview for a senior software developer position')"
"frontend/src/pages/CandidateDashboardPage.tsx:963","MOCK_KEYWORD","Mock Technical Drill"
"frontend/src/pages/CandidateDashboardPage.tsx:998","MOCK_KEYWORD","placeholder=""Ask AI anything: 'How do I answer tell me about yourself?' or 'Optimize my resume keywords'..."""
"frontend/src/pages/CandidateDashboardPage.tsx:999","MOCK_KEYWORD","className=""flex-1 bg-transparent px-2 py-2 text-xs sm:text-sm text-slate-900 dark:text-[#F8FAFC] placeholder-slate-400 f"
"frontend/src/pages/CandidateProfilePage.tsx:134","SIMULATED_ASYNC","setTimeout(() => setToastMessage(null), 4500);"
"frontend/src/pages/CandidateProfilePage.tsx:1116","MOCK_KEYWORD","placeholder=""e.g. Aditya"""
"frontend/src/pages/CandidateProfilePage.tsx:1137","MOCK_KEYWORD","placeholder=""e.g. Sharma"""
"frontend/src/pages/CandidateProfilePage.tsx:1196","MOCK_KEYWORD","placeholder=""Search country..."""
"frontend/src/pages/CandidateProfilePage.tsx:1199","MOCK_KEYWORD","className=""w-full bg-white dark:bg-slate-800 pl-8 pr-3 py-1.5 text-xs rounded-xl border border-slate-200 dark:border-sla"
"frontend/src/pages/CandidateProfilePage.tsx:1246","MOCK_KEYWORD","placeholder=""9876543210"""
"frontend/src/pages/CandidateProfilePage.tsx:1247","MOCK_KEYWORD","className=""w-full bg-transparent px-3 py-2 text-xs text-slate-900 dark:text-slate-100 placeholder-slate-400 focus:outlin"
"frontend/src/pages/CandidateProfilePage.tsx:1663","MOCK_KEYWORD","placeholder=""e.g. Senior Full-Stack Engineer | React, TypeScript & Node.js Specialist"""
"frontend/src/pages/CandidateProfilePage.tsx:1682","MOCK_KEYWORD","placeholder=""Summarize your engineering journey, key system architectures delivered, and what technologies you specializ"
"frontend/src/pages/CandidateProfilePage.tsx:1683","MOCK_KEYWORD","className=""w-full px-3.5 py-2.5 text-xs bg-slate-50 dark:bg-[#0C1322] border border-slate-200 dark:border-slate-700/80 t"
"frontend/src/pages/CandidateProfilePage.tsx:1697","MOCK_KEYWORD","placeholder=""e.g. Bengaluru, India"""
"frontend/src/pages/CandidateProfilePage.tsx:1730","MOCK_KEYWORD","placeholder=""Type skill name and press Enter (e.g. React, Docker, Python)..."""
"frontend/src/pages/CandidateProfilePage.tsx:1818","MOCK_KEYWORD","placeholder=""https://yourportfolio.dev"""
"frontend/src/pages/CandidateProfilePage.tsx:1832","MOCK_KEYWORD","placeholder=""https://github.com/username"""
"frontend/src/pages/CandidateProfilePage.tsx:1846","MOCK_KEYWORD","placeholder=""https://linkedin.com/in/username"""
"frontend/src/pages/CandidateProfilePage.tsx:1906","MOCK_KEYWORD","placeholder=""Ask AI Career Copilot..."""
"frontend/src/pages/CandidateProfilePage.tsx:1907","MOCK_KEYWORD","className=""flex-1 px-3 py-1.5 text-xs rounded-xl bg-white/10 border border-white/20 text-white placeholder-slate-400 foc"
"frontend/src/pages/CandidateProfilePage.tsx:2291","MOCK_KEYWORD","placeholder=""e.g. Bachelor of Technology"""
"frontend/src/pages/CandidateProfilePage.tsx:2308","MOCK_KEYWORD","placeholder=""e.g. Delhi Technological University"""
"frontend/src/pages/CandidateProfilePage.tsx:2325","MOCK_KEYWORD","placeholder=""e.g. Computer Science & Engineering"""
"frontend/src/pages/CandidateProfilePage.tsx:2426","MOCK_KEYWORD","placeholder=""e.g. Senior Software Engineer"""
"frontend/src/pages/CandidateProfilePage.tsx:2443","MOCK_KEYWORD","placeholder=""e.g. Microsoft, Google, Razorpay"""
"frontend/src/pages/CandidateProfilePage.tsx:2508","MOCK_KEYWORD","placeholder=""Outline key systems, tech stack, scale, and performance impact..."""
"frontend/src/pages/ForgotPasswordPage.tsx:79","SIMULATED_ASYNC","setTimeout(() => {"
"frontend/src/pages/ForgotPasswordPage.tsx:256","SIMULATED_ASYNC","setTimeout(() => {"
"frontend/src/pages/HomePage.tsx:334","SIMULATED_ASYNC","setTimeout(() => {"
"frontend/src/pages/HomePage.tsx:360","SIMULATED_ASYNC","setTimeout(() => {"
"frontend/src/pages/JobDetailPage.tsx:508","MOCK_KEYWORD","placeholder=""Introduce yourself and explain why your technical experience makes you a great fit..."""
"frontend/src/pages/JobDetailPage.tsx:509","MOCK_KEYWORD","className=""w-full rounded-xl border border-slate-300 dark:border-slate-700 bg-white dark:bg-slate-800 p-3 text-xs text-s"
"frontend/src/pages/JobsPage.tsx:145","SIMULATED_ASYNC","const handler = setTimeout(() => {"
"frontend/src/pages/JobsPage.tsx:267","MOCK_KEYWORD","placeholder=""Search by title, skills, keyword..."""
"frontend/src/pages/JobsPage.tsx:270","MOCK_KEYWORD","className=""w-full bg-transparent text-xs sm:text-sm text-slate-900 dark:text-[#F8FAFC] placeholder-slate-400 dark:placeh"
"frontend/src/pages/JobsPage.tsx:279","MOCK_KEYWORD","placeholder=""Filter location (city, remote)..."""
"frontend/src/pages/JobsPage.tsx:285","MOCK_KEYWORD","className=""w-full bg-transparent text-xs sm:text-sm text-slate-900 dark:text-[#F8FAFC] placeholder-slate-400 dark:placeh"
"frontend/src/pages/RecruiterDashboardPage.tsx:253","SIMULATED_ASYNC","setTimeout(() => {"
"frontend/src/pages/RecruiterDashboardPage.tsx:1046","MOCK_KEYWORD","placeholder=""Search your jobs by title or location..."""
"frontend/src/pages/RecruiterDashboardPage.tsx:1049","MOCK_KEYWORD","className=""w-full pl-9 pr-3 py-1.5 text-xs bg-slate-50 dark:bg-slate-800 border border-slate-200 dark:border-slate-700 t"
"frontend/src/pages/RecruiterDashboardPage.tsx:1186","MOCK_KEYWORD","placeholder=""Search candidates by name, email, or applied position..."""
"frontend/src/pages/RecruiterDashboardPage.tsx:1189","MOCK_KEYWORD","className=""w-full pl-9 pr-3 py-1.5 text-xs bg-slate-50 dark:bg-slate-800 border border-slate-200 dark:border-slate-700 t"
"frontend/src/pages/RecruiterDashboardPage.tsx:1338","MOCK_KEYWORD","placeholder=""Optional recruiter note for candidate history..."""
"frontend/src/pages/RecruiterDashboardPage.tsx:1341","MOCK_KEYWORD","className=""w-full px-3 py-1.5 text-xs bg-white dark:bg-slate-800 border border-slate-200 dark:border-slate-700 text-slat"
"frontend/src/pages/RecruiterDashboardPage.tsx:1503","MOCK_KEYWORD","placeholder=""Ask anything about interviewing, screening, or candidate matching..."""
"frontend/src/pages/RecruiterJobApplicantsPage.tsx:270","MOCK_KEYWORD","placeholder=""Add internal evaluation feedback or notes..."""
"frontend/src/pages/RecruiterJobApplicantsPage.tsx:271","MOCK_KEYWORD","className=""w-full rounded-xl border border-slate-300 dark:border-slate-700 bg-white dark:bg-slate-800 p-2.5 text-xs text"
"frontend/src/pages/RecruiterJobApplicantsPage.tsx:341","MOCK_KEYWORD","placeholder=""https://meet.google.com/xyz-abc"""
"frontend/src/pages/RecruiterJobApplicantsPage.tsx:344","MOCK_KEYWORD","className=""w-full rounded-lg border border-slate-300 dark:border-slate-700 bg-white dark:bg-slate-800 p-2.5 text-xs text"
"frontend/src/pages/RecruiterJobApplicantsPage.tsx:352","MOCK_KEYWORD","placeholder=""Topics to be covered: system design, live coding, team introduction..."""
"frontend/src/pages/RecruiterJobApplicantsPage.tsx:355","MOCK_KEYWORD","className=""w-full rounded-xl border border-slate-300 dark:border-slate-700 bg-white dark:bg-slate-800 p-2.5 text-xs text"
"frontend/src/pages/RecruiterJobCreatePage.tsx:458","MOCK_KEYWORD","placeholder=""e.g. Senior Full-Stack Engineer (React & Node.js)"""
"frontend/src/pages/RecruiterJobCreatePage.tsx:459","MOCK_KEYWORD","className={`w-full px-3.5 py-2.5 text-xs bg-slate-50 dark:bg-[#0C1322] border rounded-xl focus:outline-none focus:ring-1"
"frontend/src/pages/RecruiterJobCreatePage.tsx:482","MOCK_KEYWORD","placeholder=""e.g. Bengaluru, India or Remote"""
"frontend/src/pages/RecruiterJobCreatePage.tsx:483","MOCK_KEYWORD","className=""w-full pl-8 pr-3 py-2 text-xs bg-slate-50 dark:bg-[#0C1322] border border-slate-200 dark:border-slate-700/80 "
"frontend/src/pages/RecruiterJobCreatePage.tsx:541","MOCK_KEYWORD","placeholder=""e.g. 0"""
"frontend/src/pages/RecruiterJobCreatePage.tsx:560","MOCK_KEYWORD","placeholder=""e.g. 3"""
"frontend/src/pages/RecruiterJobCreatePage.tsx:643","MOCK_KEYWORD","placeholder=""Outline the responsibilities, tech stack, day-to-day work, team context, and candidate qualifications..."""
"frontend/src/pages/RecruiterJobCreatePage.tsx:644","MOCK_KEYWORD","className={`w-full rounded-xl border bg-slate-50 dark:bg-[#0C1322] p-4 text-xs text-slate-900 dark:text-slate-100 placeh"
"frontend/src/pages/RecruiterJobCreatePage.tsx:705","MOCK_KEYWORD","placeholder=""Type custom skill (e.g. Redis, Kubernetes, Next.js)"""
"frontend/src/pages/RecruiterJobCreatePage.tsx:714","MOCK_KEYWORD","className=""flex-1 px-3 py-2 text-xs bg-slate-50 dark:bg-[#0C1322] border border-slate-200 dark:border-slate-700/80 round"
"frontend/src/pages/RecruiterJobCreatePage.tsx:776","MOCK_KEYWORD","placeholder=""e.g. 800000"""
"frontend/src/pages/RecruiterJobCreatePage.tsx:790","MOCK_KEYWORD","placeholder=""e.g. 1600000"""
"frontend/src/pages/RecruiterJobCreatePage.tsx:891","MOCK_KEYWORD","{watchedTitle || 'Job Title Placeholder'}"
"frontend/src/pages/RecruiterJobCreatePage.tsx:1039","MOCK_KEYWORD","placeholder=""e.g. Senior Frontend Engineer"""
"frontend/src/pages/RecruiterJobCreatePage.tsx:1066","MOCK_KEYWORD","placeholder=""React, TypeScript, Next.js"""
"frontend/src/pages/RecruiterJobCreatePage.tsx:1080","MOCK_KEYWORD","placeholder=""e.g. We are building micro-frontends with high test coverage. Looking for candidates who understand web per"
"frontend/src/pages/RecruiterJobsPage.tsx:137","SIMULATED_ASYNC","const handler = setTimeout(() => {"
"frontend/src/pages/RecruiterJobsPage.tsx:159","SIMULATED_ASYNC","const timer = setTimeout(() => setToastMessage(null), 3500);"
"frontend/src/pages/RecruiterJobsPage.tsx:551","MOCK_KEYWORD","placeholder=""Search by job title, skills, or location..."""
"frontend/src/pages/RecruiterJobsPage.tsx:554","MOCK_KEYWORD","className=""w-full pl-10 pr-9 py-2 text-xs bg-slate-50 dark:bg-[#0C1322] border border-slate-200 dark:border-slate-700/80"
"frontend/src/pages/RecruiterJobsPage.tsx:1329","MOCK_KEYWORD","placeholder=""Min (e.g. 800000)"""
"frontend/src/pages/RecruiterJobsPage.tsx:1337","MOCK_KEYWORD","placeholder=""Max (e.g. 1600000)"""
"frontend/src/pages/RecruiterJobsPage.tsx:1352","MOCK_KEYWORD","placeholder=""Min Yrs"""
"frontend/src/pages/RecruiterJobsPage.tsx:1360","MOCK_KEYWORD","placeholder=""Max Yrs"""
"frontend/src/pages/RecruiterJobsPage.tsx:1375","MOCK_KEYWORD","placeholder=""e.g. React, TypeScript, Node.js, MongoDB"""
"frontend/src/pages/RecruiterJobsPage.tsx:1434","MOCK_KEYWORD","placeholder=""e.g. Senior Frontend Architect"""
"frontend/src/pages/RecruiterJobsPage.tsx:1462","MOCK_KEYWORD","placeholder=""e.g. React, Next.js, TypeScript, Tailwind, REST APIs"""
"frontend/src/pages/RecruiterJobsPage.tsx:1475","MOCK_KEYWORD","placeholder=""e.g. High focus on micro-frontends and team mentorship"""
"frontend/src/pages/RecruiterProfilePage.tsx:124","SIMULATED_ASYNC","setTimeout(() => setToastMessage(null), 4500);"
"frontend/src/pages/RecruiterProfilePage.tsx:1059","MOCK_KEYWORD","placeholder=""e.g. Sarah"""
"frontend/src/pages/RecruiterProfilePage.tsx:1080","MOCK_KEYWORD","placeholder=""e.g. Connor"""
"frontend/src/pages/RecruiterProfilePage.tsx:1139","MOCK_KEYWORD","placeholder=""Search country..."""
"frontend/src/pages/RecruiterProfilePage.tsx:1142","MOCK_KEYWORD","className=""w-full bg-white dark:bg-slate-800 pl-8 pr-3 py-1.5 text-xs rounded-xl border border-slate-200 dark:border-sla"
"frontend/src/pages/RecruiterProfilePage.tsx:1189","MOCK_KEYWORD","placeholder=""9876543210"""
"frontend/src/pages/RecruiterProfilePage.tsx:1190","MOCK_KEYWORD","className=""w-full bg-transparent px-3 py-2 text-xs text-slate-900 dark:text-slate-100 placeholder-slate-400 focus:outlin"
"frontend/src/pages/RecruiterProfilePage.tsx:1289","MOCK_KEYWORD","placeholder=""e.g. Stripe, Acme Corp"""
"frontend/src/pages/RecruiterProfilePage.tsx:1304","MOCK_KEYWORD","placeholder=""https://company.com"""
"frontend/src/pages/RecruiterProfilePage.tsx:1324","MOCK_KEYWORD","placeholder=""e.g. FinTech, SaaS"""
"frontend/src/pages/RecruiterProfilePage.tsx:1347","MOCK_KEYWORD","placeholder=""e.g. Bengaluru, India"""
"frontend/src/pages/RecruiterProfilePage.tsx:1389","MOCK_KEYWORD","placeholder=""Describe your organization's mission, engineering culture, benefits, and candidate expectations..."""
"frontend/src/pages/RecruiterProfilePage.tsx:1390","MOCK_KEYWORD","className=""w-full px-3.5 py-2.5 text-xs bg-slate-50 dark:bg-[#0C1322] border border-slate-200 dark:border-slate-700/80 t"
"frontend/src/pages/RecruiterProfilePage.tsx:1958","MOCK_KEYWORD","placeholder=""Enter current password"""
"frontend/src/pages/RecruiterProfilePage.tsx:1972","MOCK_KEYWORD","placeholder=""At least 8 chars with letter, number, special char"""
"frontend/src/pages/RecruiterProfilePage.tsx:1986","MOCK_KEYWORD","placeholder=""Re-enter new password"""
"frontend/src/pages/RegisterPage.tsx:372","SIMULATED_ASYNC","setTimeout(() => setDraftNotice(null), 3500);"
"frontend/src/pages/RegisterPage.tsx:415","SIMULATED_ASYNC","setTimeout(() => setPhoneWarning(null), 3000);"
"frontend/src/pages/RegisterPage.tsx:425","SIMULATED_ASYNC","setTimeout(() => setPhoneWarning(null), 3000);"
"frontend/src/pages/RegisterPage.tsx:442","SIMULATED_ASYNC","setTimeout(() => setPhoneWarning(null), 3000);"
"frontend/src/pages/RegisterPage.tsx:454","SIMULATED_ASYNC","setTimeout(() => setFirstNameWarning(null), 3000);"
"frontend/src/pages/RegisterPage.tsx:702","MOCK_KEYWORD","placeholder=""Enter first name"""
"frontend/src/pages/RegisterPage.tsx:706","MOCK_KEYWORD","className=""w-full bg-transparent pl-10 pr-3.5 py-2.5 text-sm text-slate-800 dark:text-slate-100 placeholder-slate-400 da"
"frontend/src/pages/RegisterPage.tsx:738","MOCK_KEYWORD","placeholder=""Enter last name"""
"frontend/src/pages/RegisterPage.tsx:742","MOCK_KEYWORD","className=""w-full bg-transparent pl-10 pr-3.5 py-2.5 text-sm text-slate-800 dark:text-slate-100 placeholder-slate-400 da"
"frontend/src/pages/RegisterPage.tsx:778","MOCK_KEYWORD","placeholder=""name@example.com"""
"frontend/src/pages/RegisterPage.tsx:786","MOCK_KEYWORD","className=""w-full bg-transparent pl-10 pr-3.5 py-2.5 text-sm text-slate-800 dark:text-slate-100 placeholder-slate-400 da"
"frontend/src/pages/RegisterPage.tsx:839","MOCK_KEYWORD","placeholder=""Search country or dial code..."""
"frontend/src/pages/RegisterPage.tsx:842","MOCK_KEYWORD","className=""w-full bg-white dark:bg-slate-800 pl-8 pr-3 py-1.5 text-xs rounded-xl border border-slate-200 dark:border-sla"
"frontend/src/pages/RegisterPage.tsx:893","MOCK_KEYWORD","placeholder={selectedCountry.placeholder || 'XXXXXXXXXX'}"
"frontend/src/pages/RegisterPage.tsx:899","MOCK_KEYWORD","className=""flex-1 bg-transparent px-3 py-2.5 text-sm text-slate-800 dark:text-slate-100 placeholder-slate-400 dark:place"
"frontend/src/pages/RegisterPage.tsx:968","MOCK_KEYWORD","className=""w-full bg-transparent pl-10 pr-3.5 py-2.5 text-sm text-slate-800 dark:text-slate-100 placeholder-slate-400 da"
"frontend/src/pages/RegisterPage.tsx:1144","MOCK_KEYWORD","placeholder=""Share a brief sentence or two about yourself, background, or goals..."""
"frontend/src/pages/RegisterPage.tsx:1153","MOCK_KEYWORD","className=""w-full bg-transparent pl-10 pr-3.5 py-2.5 text-sm text-slate-800 dark:text-slate-100 placeholder-slate-400 da"
"frontend/src/pages/RegisterPage.tsx:1208","MOCK_KEYWORD","placeholder=""Type custom skill and press Enter (e.g. Next.js, Redis)..."""
"frontend/src/pages/RegisterPage.tsx:1212","MOCK_KEYWORD","className=""w-full bg-transparent px-3 py-2 text-xs text-slate-800 dark:text-slate-100 placeholder-slate-400 dark:placeho"
"frontend/src/pages/RegisterPage.tsx:1330","MOCK_KEYWORD","placeholder=""Enter strong password"""
"frontend/src/pages/RegisterPage.tsx:1343","MOCK_KEYWORD","className=""w-full bg-transparent pl-10 pr-10 py-2.5 text-sm text-slate-800 dark:text-slate-100 placeholder-slate-400 dar"
"frontend/src/pages/RegisterPage.tsx:1382","MOCK_KEYWORD","placeholder=""Re-enter password"""
"frontend/src/pages/RegisterPage.tsx:1392","MOCK_KEYWORD","className=""w-full bg-transparent pl-10 pr-10 py-2.5 text-sm text-slate-800 dark:text-slate-100 placeholder-slate-400 dar"
"frontend/src/pages/VerifyOtpPage.tsx:85","SIMULATED_ASYNC","setTimeout(() => {"
"backend/src/ai/prompts/careerAssistant.prompt.ts:26","MOCK_KEYWORD","4. **Technical & Behavioral Interview Prep**: Offer mock interview questions, STAR-method guidance, system design tips, "
"backend/src/scripts/seed50Jobs.ts:783","MOCK_KEYWORD","description: 'Author tutorials, code samples, SDK documentation, and sample API collections empowering developers worldw"
"backend/src/scripts/seed50Jobs.ts:890","RANDOM_GENERATION","viewsCount: Math.floor(Math.random() * 250) + 10,"
"backend/src/services/email.service.ts:80","MOCK_KEYWORD","subject = `[Demo: ${toEmail}] ${subject}`;"
"backend/src/services/email.service.ts:85","MOCK_KEYWORD","<strong>Demo Account Target:</strong> ${toEmail}"
"backend/src/services/email.service.ts:138","MOCK_KEYWORD","${isMockEmail ? `Demo Account Target: ${toEmail}\n` : ''}"
